{"keys": "['A', 'B', 'C']", "layouts": [[[0, 5, null], [5]], [[5, 9, null], [4]], [[9, 12, null], [3]]], "means": [0.4067500603351018, 0.8796326276518024, 0.9970909980552837, 1.1260165882523494, 1.7194658752831276, 0.6710996730441164, 0.8987178738697016, 1.0805971780952526, 1.6594201837134612, 0.6633847970382681, 0.916637552133363, 1.5611034613234376], "bcovs": [[[], []], [[0, 1, 2, 3, 4, 5, 6, 7, 8, 9, 10, 11], [[0.0103000100010001, 0.010044534525517412, 0.010024250626566417, 0.01001681894343508, 0.010013162293590429, 0.010111201192184078, 0.010056250626566418, 0.010037227106700386, 0.010027977108405244, 0.010144250626566417, 0.01009028833119018, 0.01006501414544228], [0.010044534525517412, 0.010113162293590428, 0.010009412901392444, 0.010009602115421614, 0.01001170410734001, 0.010027977108405244, 0.010017412901392443, 0.010015044292292363, 0.010015819333677458, 0.010036079568059108, 0.010027289190251545, 0.010024872831619845], [0.010024250626566417, 0.010009412901392444, 0.010110826666666663, 0.010016898889459697, 0.01002766345152401, 0.010017412901392443, 0.010015306666666661, 0.010020000930276024, 0.010030033821894378, 0.010025226666666663, 0.010026694807827044, 0.010035070858931416], [0.01001681894343508, 0.010009602115421614, 0.010016898889459697, 0.010133678708188732, 0.010067416094466243, 0.010015044292292363, 0.010020000930276024, 0.010035844472453622, 0.010069078981843418, 0.010026694807827044, 0.01004042589686012, 0.010072555928177506], [0.010013162293590429, 0.01001170410734001, 0.01002766345152401, 0.010067416094466243, 0.01028921208418283, 0.010015819333677458, 0.010030033821894378, 0.010069078981843418, 0.010190492376821148, 0.010035070858931416, 0.010072555928177506, 0.010193144411571948], [0.010111201192184078, 0.010027977108405244, 0.010017412901392443, 0.010015044292292363, 0.010015819333677458, 0.01016501414544228, 0.010036079568059108, 0.010027289190251545, 0.010024872831619845, 0.01008407956805911, 0.010057221163040662, 0.010046272008574577], [0.010056250626566418, 0.010017412901392443, 0.010015306666666661, 0.010020000930276024, 0.010030033821894378, 0.010036079568059108, 0.010125226666666662, 0.010026694807827044, 0.010035070858931416, 0.010048906666666663, 0.010042041746602554, 0.010046330118190675], [0.010037227106700386, 0.010015044292292363, 0.010020000930276024, 0.010035844472453622, 0.010069078981843418, 0.010027289190251545, 0.010026694807827044, 0.010140425896860119, 0.010072555928177506, 0.010042041746602554, 0.010050588329179986, 0.010080114507164655], [0.010027977108405244, 0.010015819333677458, 0.010030033821894378, 0.010069078981843418, 0.010190492376821148, 0.010024872831619845, 0.010035070858931416, 0.010072555928177506, 0.010293144411571947, 0.010046330118190675, 0.010080114507164655, 0.01019881427897021], [0.010144250626566417, 0.010036079568059108, 0.010025226666666663, 0.010026694807827044, 0.010035070858931416, 0.01008407956805911, 0.010048906666666663, 0.010042041746602554, 0.010046330118190675, 0.01021162666666666, 0.010080572358847453, 0.010073589377449935], [0.01009028833119018, 0.010027289190251545, 0.010026694807827044, 0.01004042589686012, 0.010072555928177506, 0.010057221163040662, 0.010042041746602554, 0.010050588329179986, 0.010080114507164655, 0.010080572358847453, 0.010174911527847207, 0.010097650410414846], [0.01006501414544228, 0.010024872831619845, 0.010035070858931416, 0.010072555928177506, 0.010193144411571948, 0.010046272008574577, 0.010046330118190675, 0.010080114507164655, 0.01019881427897021, 0.010073589377449935, 0.010097650410414846, 0.010311617205353382]]]]}
